{"spatialReference":{"wkid":102651,"latestWkid":3433},"candidates":[{"address":"7801 KANIS RD, 72204","location":{"x":1204066.358307957,"y":147937.39795626889},"score":100,"attributes":{}},{"address":"7801 KANIS RD, 72204","location":{"x":1204169.6110534209,"y":148586.87696869907},"score":100,"attributes":{}},{"address":"7802 KANIS RD, 72204","location":{"x":1204172.8705882574,"y":148627.42274624179},"score":79,"attributes":{}}]}
